"YieldCoefficientVariation_Percent","YieldMean_PoundPerAcre","Latitude_DecimalDegrees","Longitude_DecimalDegrees"
40.11,1618.8,44.853468783,-117.063132062
47.84,1557.34,44.895132907,-117.104796186
46.2,1487,44.895132907,-117.14646031
307.89,26.75,45.103453527,-120.229605486
124.08,180.1,45.145117651,-120.646246726
46.4,362.98,45.145117651,-121.187880338
82.01,310.59,45.186781775,-120.06294899
86.32,238.42,45.186781775,-120.68791085
41.38,319.71,45.186781775,-121.10455209
43.73,347.55,45.186781775,-121.146216214
166.51,99.28,45.228445899,-117.854750418
190.89,62.05,45.228445899,-117.896414542
80.92,285.91,45.228445899,-120.104613114
78.38,331.12,45.228445899,-120.146277238
80.68,329.08,45.228445899,-120.187941362
75.15,338.87,45.228445899,-120.229605486
59.54,329.44,45.228445899,-120.771239098
38.61,317.64,45.228445899,-121.146216214
44.95,336.29,45.228445899,-121.229544462
88.93,379.81,45.270110023,-117.938078666
66.52,534.41,45.270110023,-117.97974279
83.59,380.71,45.270110023,-118.021406914
75.47,330.97,45.270110023,-119.771300122
84.83,314.95,45.270110023,-120.146277238
78.52,322.51,45.270110023,-120.187941362
74.25,340.69,45.270110023,-120.229605486
70.92,348.68,45.270110023,-120.27126961
67.87,345.98,45.270110023,-120.312933734
84.29,297.05,45.270110023,-120.47959023
51.43,372.46,45.270110023,-120.646246726
44.09,421.2,45.270110023,-120.68791085
45.45,411.25,45.270110023,-120.729574974
29.99,1843.62,45.311774147,-117.14646031
58.82,895.11,45.311774147,-117.813086294
59.52,712.75,45.311774147,-117.854750418
68.93,594.43,45.311774147,-117.896414542
36.55,1013.58,45.311774147,-118.063071038
99.51,283.84,45.311774147,-119.771300122
102.15,257.35,45.311774147,-119.896292494
77.8,317.9,45.311774147,-120.187941362
74.87,290.55,45.311774147,-120.354597858
39.96,429.39,45.311774147,-120.646246726
45.39,483.78,45.311774147,-120.771239098
45.38,529.7,45.311774147,-120.854567346
35.59,1614.69,45.353438271,-117.14646031
37.63,1591.36,45.353438271,-117.188124434
37.19,1622.03,45.353438271,-117.229788558
35.86,1622.96,45.353438271,-117.271452682
21.79,1385.52,45.353438271,-117.813086294
76.02,517.8,45.353438271,-117.854750418
25.96,1424.09,45.353438271,-117.896414542
51.37,800.94,45.353438271,-117.938078666
50.93,805.13,45.353438271,-117.97974279
54.08,735.26,45.353438271,-118.021406914
43.32,903.69,45.353438271,-118.063071038
107.18,250.99,45.353438271,-119.812964246
126.44,199.36,45.353438271,-119.85462837
127.07,184.67,45.353438271,-119.937956618
38.67,425.15,45.353438271,-120.646246726
42.13,443.99,45.353438271,-120.68791085
44.38,450.56,45.353438271,-120.729574974
45.38,464.02,45.353438271,-120.771239098
39.51,1455.79,45.395102395,-117.188124434
38.29,1380.5,45.395102395,-117.229788558
36.31,1156.69,45.395102395,-117.271452682
38.11,1167.31,45.395102395,-117.313116806
27.99,2040.58,45.395102395,-117.854750418
37.3,1166.23,45.395102395,-117.896414542
24.93,1413.65,45.395102395,-117.938078666
25.39,1416.23,45.395102395,-117.97974279
37.29,1010.16,45.395102395,-118.021406914
24.65,1294.61,45.395102395,-118.063071038
192.46,5.3,45.395102395,-119.729635998
224.25,5.09,45.395102395,-119.812964246
209.39,6.58,45.395102395,-119.85462837
201.37,7.3,45.395102395,-119.896292494
353.9,27.59,45.395102395,-120.187941362
258.16,15.39,45.395102395,-120.229605486
140.67,191.94,45.395102395,-120.646246726
40.49,435.58,45.395102395,-120.771239098
39.92,478.29,45.395102395,-120.812903222
37.56,404.51,45.395102395,-121.146216214
37.89,1428.3,45.436766519,-117.188124434
31.92,1201.3,45.436766519,-117.938078666
31.35,1176.87,45.436766519,-118.021406914
197.79,2.55,45.436766519,-119.729635998
219.11,2.9,45.436766519,-119.771300122
205.1,3.71,45.436766519,-119.812964246
213.56,6.5,45.436766519,-119.85462837
323.27,3.91,45.436766519,-119.937956618
224.44,3.19,45.436766519,-119.979620742
279.6,5.98,45.436766519,-120.021284866
204.43,7.68,45.436766519,-120.06294899
224.24,10.45,45.436766519,-120.187941362
256.27,6.51,45.436766519,-120.229605486
210.13,8.04,45.436766519,-120.27126961
213.44,5.72,45.436766519,-120.437926106
234.73,113.61,45.436766519,-120.562918478
168.85,164.08,45.436766519,-120.604582602
150.38,172.08,45.436766519,-120.646246726
144.99,183.39,45.436766519,-120.68791085
85.28,359.17,45.436766519,-120.771239098
50.92,820.15,45.436766519,-120.812903222
36.94,390.84,45.436766519,-121.062887966
82.2,529.26,45.436766519,-121.146216214
41.63,911.31,45.478430643,-117.438109178
30.36,1554.49,45.478430643,-117.938078666
27.09,1442.12,45.478430643,-118.021406914
209.4,89.36,45.478430643,-118.854689394
80.77,409.56,45.478430643,-119.562979502
197.04,5.47,45.478430643,-119.64630775
154.39,2.49,45.478430643,-119.687971874
308.16,3.55,45.478430643,-119.937956618
270.94,4.81,45.478430643,-119.979620742
288.48,5.31,45.478430643,-120.06294899
269.54,6.1,45.478430643,-120.104613114
269.45,4.89,45.478430643,-120.187941362
259.27,4.64,45.478430643,-120.229605486
249.02,4.18,45.478430643,-120.27126961
293.67,64.27,45.478430643,-120.562918478
176.79,154.46,45.478430643,-120.604582602
150.98,151.47,45.478430643,-120.646246726
176.23,154.34,45.478430643,-120.68791085
166.33,137.37,45.478430643,-120.729574974
91.05,335.95,45.478430643,-120.771239098
37.91,417.3,45.478430643,-120.937895594
35.12,1069.7,45.478430643,-120.979559718
38.44,384.8,45.478430643,-121.021223842
94.48,420.33,45.478430643,-121.10455209
63.36,658.72,45.478430643,-121.146216214
24.98,1062.32,45.478430643,-121.187880338
33.9,1155.05,45.520094767,-117.438109178
37.83,1070.91,45.520094767,-117.479773302
29.78,1331.63,45.520094767,-117.896414542
23.97,1636.67,45.520094767,-117.97974279
24.38,1725.37,45.520094767,-118.021406914
25.48,1749.52,45.520094767,-118.063071038
115.26,379.8,45.520094767,-118.729697022
190.85,117.62,45.520094767,-118.771361146
219.55,71.08,45.520094767,-118.81302527
213.06,68.5,45.520094767,-118.854689394
180.84,29.52,45.520094767,-118.938017642
127.52,218.08,45.520094767,-119.104674138
219.41,4.02,45.520094767,-119.521315378
136.02,2.55,45.520094767,-119.562979502
156.75,2.09,45.520094767,-119.604643626
153.22,1.85,45.520094767,-119.64630775
159.29,1.85,45.520094767,-119.687971874
158.2,2.21,45.520094767,-119.729635998
237.02,2.77,45.520094767,-119.771300122
180.21,2.5,45.520094767,-119.812964246
218.82,2.7,45.520094767,-119.85462837
200.71,1.51,45.520094767,-119.937956618
229.78,2.04,45.520094767,-119.979620742
208.06,3.7,45.520094767,-120.021284866
245.53,4.49,45.520094767,-120.104613114
240.63,6.66,45.520094767,-120.146277238
275.15,3.51,45.520094767,-120.27126961
287.84,3.57,45.520094767,-120.312933734
317.02,38.17,45.520094767,-120.521254354
224.35,107.94,45.520094767,-120.562918478
163.26,173.3,45.520094767,-120.646246726
159.03,182.23,45.520094767,-120.68791085
107.88,294.02,45.520094767,-120.729574974
82.63,400.11,45.520094767,-120.771239098
27.3,1193.6,45.520094767,-120.937895594
36.53,981.99,45.520094767,-120.979559718
26.93,560.54,45.520094767,-121.021223842
37.24,990.1,45.520094767,-121.062887966
37.8,937.8,45.520094767,-121.10455209
31.58,1100.79,45.520094767,-121.146216214
33.34,1218.04,45.561758891,-117.479773302
34.52,1181.47,45.561758891,-117.521437426
35.69,2386.09,45.561758891,-117.938078666
34.79,1244.4,45.561758891,-118.688032898
130.14,262.52,45.561758891,-118.729697022
174.19,59.46,45.561758891,-118.771361146
181.75,107.49,45.561758891,-118.854689394
155.15,4.07,45.561758891,-119.479651254
144.22,2.99,45.561758891,-119.521315378
119.82,2.18,45.561758891,-119.562979502
121.9,2.01,45.561758891,-119.604643626
154.8,1.48,45.561758891,-119.64630775
157.74,1.46,45.561758891,-119.687971874
169.58,1.55,45.561758891,-119.729635998
185.34,3.47,45.561758891,-119.771300122
211.52,2.78,45.561758891,-119.812964246
180.51,1.32,45.561758891,-119.85462837
166.94,1.33,45.561758891,-119.896292494
166.88,1.44,45.561758891,-119.979620742
159.84,1.73,45.561758891,-120.021284866
136.32,145.25,45.561758891,-120.146277238
203.78,5.51,45.561758891,-120.187941362
228.96,4.84,45.561758891,-120.229605486
267.9,76.19,45.561758891,-120.521254354
141.75,214.38,45.561758891,-120.562918478
128.75,258.68,45.561758891,-120.604582602
118.31,282.57,45.561758891,-120.646246726
100.76,341.41,45.561758891,-120.68791085
101.18,337.72,45.561758891,-120.729574974
96.23,359.42,45.561758891,-120.771239098
64.66,529.15,45.561758891,-120.812903222
48.93,664.51,45.561758891,-120.854567346
22.74,1341.45,45.561758891,-120.937895594
23.7,1403.45,45.561758891,-120.979559718
24.39,1427.67,45.561758891,-121.021223842
26.6,588.32,45.561758891,-121.062887966
24.41,1302.09,45.561758891,-121.10455209
23.66,1386.16,45.561758891,-121.146216214
25.97,1321.11,45.603423015,-117.896414542
68.46,683.46,45.603423015,-118.688032898
87.18,497.9,45.603423015,-118.729697022
99.03,377.76,45.603423015,-118.771361146
45.5,630.69,45.603423015,-119.02134589
43.72,604,45.603423015,-119.063010014
58.78,379,45.603423015,-119.22966651
141.71,2.92,45.603423015,-119.521315378
124.49,74.37,45.603423015,-119.562979502
123.67,70.48,45.603423015,-119.604643626
119.78,3.65,45.603423015,-119.64630775
120.04,3.42,45.603423015,-119.687971874
123.28,2.01,45.603423015,-119.729635998
159.81,2.9,45.603423015,-119.771300122
141.44,1.55,45.603423015,-119.812964246
127.74,1.59,45.603423015,-119.85462837
121.16,1.93,45.603423015,-119.896292494
131.52,2.08,45.603423015,-119.979620742
146.88,69.57,45.603423015,-120.021284866
276.04,75.97,45.603423015,-120.521254354
150.04,177.77,45.603423015,-120.562918478
103.54,322.2,45.603423015,-120.604582602
93.67,355.32,45.603423015,-120.646246726
101.85,311.2,45.603423015,-120.68791085
109.44,273.8,45.603423015,-120.729574974
91.12,350.98,45.603423015,-120.771239098
59.88,563.95,45.603423015,-120.812903222
32.43,900.58,45.603423015,-120.854567346
21.43,1591.49,45.603423015,-120.937895594
21.44,1598.46,45.603423015,-120.979559718
24.2,1359.19,45.603423015,-121.021223842
28.16,627.96,45.603423015,-121.062887966
31.97,1099.16,45.603423015,-121.10455209
32.84,1264.23,45.645087139,-118.60470465
42.65,950.22,45.645087139,-118.646368774
80.18,628.32,45.645087139,-118.688032898
86.37,525.24,45.645087139,-118.729697022
93.86,436.94,45.645087139,-118.771361146
160.82,18.35,45.645087139,-119.063010014
108.61,7.73,45.645087139,-119.43798713
110.85,7.78,45.645087139,-119.479651254
99.64,119.03,45.645087139,-119.562979502
122.86,113.64,45.645087139,-120.021284866
163.43,10.06,45.645087139,-120.27126961
167.91,10.06,45.645087139,-120.312933734
233.16,12.05,45.645087139,-120.396261982
286.06,24.68,45.645087139,-120.437926106
203.49,105.46,45.645087139,-120.562918478
100.61,285.89,45.645087139,-120.604582602
80.03,393.03,45.645087139,-120.646246726
100.45,285.84,45.645087139,-120.68791085
95.76,328.43,45.645087139,-120.729574974
75.29,441.12,45.645087139,-120.771239098
64.62,531.79,45.645087139,-120.812903222
44.63,948.16,45.686751263,-118.521376402
45.8,867.64,45.686751263,-118.563040526
48.02,1040.45,45.686751263,-118.60470465
61.32,856.24,45.686751263,-118.646368774
78.19,616.23,45.686751263,-118.688032898
124.05,249.3,45.686751263,-118.771361146
138.26,179.23,45.686751263,-118.81302527
127.65,123.38,45.686751263,-118.854689394
120.97,231.82,45.686751263,-118.896353518
121.92,236.95,45.686751263,-118.938017642
134.14,123.16,45.686751263,-118.979681766
127.15,35.17,45.686751263,-119.063010014
141.02,14.77,45.686751263,-119.188002386
112.78,12.9,45.686751263,-119.43798713
110.13,11.06,45.686751263,-119.479651254
195.27,2.78,45.686751263,-120.396261982
288.33,7.41,45.686751263,-120.437926106
106.79,237.83,45.686751263,-120.604582602
64.1,514.28,45.686751263,-120.646246726
82.53,378.01,45.686751263,-120.68791085
36.4,983.06,45.728415387,-118.438048154
25.85,2674.37,45.728415387,-118.479712278
27.63,1929.06,45.728415387,-118.521376402
34.61,1338.46,45.728415387,-118.563040526
46.71,1060.57,45.728415387,-118.60470465
49.95,1049.63,45.728415387,-118.646368774
55.19,945.16,45.728415387,-118.688032898
62.68,798.68,45.728415387,-118.729697022
76.61,595.43,45.728415387,-118.771361146
123.4,262.71,45.728415387,-118.81302527
123.69,197.36,45.728415387,-118.854689394
122.2,186.54,45.728415387,-118.896353518
114.19,141.76,45.728415387,-118.938017642
129.27,100,45.728415387,-118.979681766
144.61,41.99,45.728415387,-119.063010014
122.41,40.93,45.728415387,-119.104674138
17.28,1854.95,45.728415387,-120.854567346
18,1813.55,45.728415387,-120.89623147
17.79,1808.18,45.728415387,-120.937895594
17.29,1788.16,45.728415387,-120.979559718
41.85,969.47,45.770079511,-118.438048154
26.16,2182.51,45.770079511,-118.479712278
26.85,1880.44,45.770079511,-118.521376402
34.16,1379.56,45.770079511,-118.563040526
36.86,1336.25,45.770079511,-118.60470465
39.37,1287.21,45.770079511,-118.646368774
38.7,1296.69,45.770079511,-118.688032898
44.02,1168.94,45.770079511,-118.729697022
67.15,731.18,45.770079511,-118.771361146
82.63,527.79,45.770079511,-118.81302527
92.21,411.02,45.770079511,-118.854689394
112.16,158.27,45.770079511,-118.938017642
123.64,49.87,45.770079511,-119.063010014
17.12,1239.18,45.770079511,-120.729574974
17.41,1253.57,45.770079511,-120.771239098
18.22,1845.52,45.770079511,-120.812903222
19.36,1764.2,45.770079511,-120.854567346
19.74,1789.22,45.770079511,-120.89623147
15.92,1418.28,45.770079511,-120.937895594
37.45,919.74,45.811743635,-118.39638403
30.87,1680.7,45.811743635,-118.438048154
29.86,1735.41,45.811743635,-118.479712278
29.02,1816.53,45.811743635,-118.521376402
26.83,1886.31,45.811743635,-118.563040526
29.34,1634.4,45.811743635,-118.60470465
28.84,1660.08,45.811743635,-118.646368774
29.71,1664.05,45.811743635,-118.688032898
40.81,1200.3,45.811743635,-118.729697022
52.43,937.13,45.811743635,-118.771361146
65.9,714.1,45.811743635,-118.81302527
71.5,616.12,45.811743635,-118.854689394
80.32,526.36,45.811743635,-118.896353518
100.61,181.04,45.811743635,-118.979681766
118.52,97.22,45.811743635,-119.02134589
14.74,1428.96,45.811743635,-120.729574974
14.39,1401.56,45.811743635,-120.771239098
14.97,1401.62,45.811743635,-120.89623147
42.82,1019.37,45.853407759,-118.354719906
33.67,1726.79,45.853407759,-118.39638403
32.58,1762.26,45.853407759,-118.438048154
30.58,1926.64,45.853407759,-118.479712278
27.9,2266.4,45.853407759,-118.521376402
27.4,1797.08,45.853407759,-118.563040526
40.97,1125.94,45.853407759,-118.60470465
34.03,1336.19,45.853407759,-118.646368774
29.22,1718.06,45.853407759,-118.688032898
28.92,1799.8,45.853407759,-118.729697022
33.37,1406.21,45.853407759,-118.771361146
40.7,1206.41,45.853407759,-118.81302527
47.93,1006.6,45.853407759,-118.854689394
70.85,657.62,45.853407759,-118.896353518
91.38,417.6,45.853407759,-118.938017642
99.05,223.04,45.853407759,-118.979681766
14.72,1405.81,45.853407759,-120.854567346
13.75,1411.25,45.853407759,-120.89623147
14.68,1411.83,45.853407759,-120.937895594
23.84,2967.56,45.895071883,-116.188185458
29.93,2167.69,45.895071883,-116.229849582
27.03,2094.21,45.895071883,-116.271513706
25.65,2315.12,45.895071883,-117.313116806
31.6,1995.86,45.895071883,-118.313055782
35.89,1509.33,45.895071883,-118.354719906
45.19,1296.25,45.895071883,-118.39638403
36.1,1593.63,45.895071883,-118.438048154
34.16,1642.08,45.895071883,-118.479712278
29.59,2285.77,45.895071883,-118.521376402
29.09,2425.25,45.895071883,-118.563040526
28.25,2073.14,45.895071883,-118.60470465
29.14,1706.22,45.895071883,-118.646368774
30.38,1543.61,45.895071883,-118.688032898
26.37,1902.58,45.895071883,-118.729697022
28.83,1856,45.895071883,-118.771361146
30.16,1574.86,45.895071883,-118.81302527
34.93,1326.02,45.895071883,-118.854689394
48.3,965.75,45.895071883,-118.896353518
32.45,2628.6,45.936736007,-116.063193086
32.5,2716.97,45.936736007,-116.10485721
31.52,2790.02,45.936736007,-116.146521334
30.04,2652.08,45.936736007,-116.188185458
31.76,2118.46,45.936736007,-116.229849582
28.74,1610.16,45.936736007,-116.271513706
25.53,1829.69,45.936736007,-117.229788558
26.24,3104.42,45.936736007,-118.271391658
31.59,1734.61,45.936736007,-118.313055782
74.79,641.91,45.936736007,-118.354719906
92.4,518.45,45.936736007,-118.438048154
73.19,667.36,45.936736007,-118.479712278
69.63,659.08,45.936736007,-118.521376402
46.41,1164.73,45.936736007,-118.563040526
43.07,1282.42,45.936736007,-118.60470465
30.59,1540.99,45.936736007,-118.646368774
26.4,1917.7,45.936736007,-118.688032898
25.54,1946.92,45.936736007,-118.729697022
25.71,2254.77,45.936736007,-118.771361146
28.44,1727.26,45.936736007,-118.81302527
123.46,9.53,45.936736007,-119.979620742
33.12,2591.53,45.978400131,-116.063193086
31.73,2665.37,45.978400131,-116.10485721
31.12,2729.21,45.978400131,-116.146521334
28.33,2646,45.978400131,-116.188185458
29.32,2364.39,45.978400131,-116.229849582
26.02,2098.91,45.978400131,-116.271513706
26.2,1946.25,45.978400131,-116.31317783
27.86,2321.19,45.978400131,-116.396506078
42.99,1191.18,45.978400131,-118.229727534
30.27,2327.12,45.978400131,-118.271391658
45.96,1266.23,45.978400131,-118.313055782
80.92,637.83,45.978400131,-118.354719906
76.36,640.15,45.978400131,-118.39638403
55.79,889.54,45.978400131,-118.438048154
46.98,1020.67,45.978400131,-118.479712278
51.66,853.15,45.978400131,-118.521376402
58.71,730.45,45.978400131,-118.563040526
64.09,589.66,45.978400131,-118.60470465
25.84,1935.65,45.978400131,-118.81302527
28.51,1393.2,45.978400131,-118.854689394
101.97,2.31,45.978400131,-119.85462837
20.55,945.45,45.978400131,-120.187941362
19.6,945.5,45.978400131,-120.229605486
29.79,2610.39,46.020064255,-116.063193086
30.56,2592.59,46.020064255,-116.10485721
30.2,2587.28,46.020064255,-116.146521334
27.05,2568.6,46.020064255,-116.188185458
25.85,2395.4,46.020064255,-116.229849582
25.91,2111.52,46.020064255,-116.271513706
25.52,2038.65,46.020064255,-116.31317783
26.78,2171.21,46.020064255,-116.354841954
29,2574.09,46.020064255,-116.396506078
27.62,2635.19,46.020064255,-116.438170202
18,4036.83,46.020064255,-118.18806341
39.04,1728.46,46.020064255,-118.229727534
35.94,1663.21,46.020064255,-118.271391658
67.47,874.57,46.020064255,-118.313055782
42.02,1213.02,46.020064255,-118.354719906
69.09,666.36,46.020064255,-118.438048154
68.53,683.3,46.020064255,-118.479712278
74.01,612.32,46.020064255,-118.521376402
71.18,581.45,46.020064255,-118.563040526
80.72,400.11,46.020064255,-118.60470465
94.26,188.21,46.020064255,-118.646368774
106.69,8.01,46.020064255,-119.729635998
88.34,6.61,46.020064255,-119.771300122
91.22,5.96,46.020064255,-119.812964246
124.49,7.1,46.020064255,-119.85462837
20.32,914.87,46.020064255,-120.187941362
19.23,913.07,46.020064255,-120.229605486
25.67,3016.34,46.061728379,-116.063193086
29.35,2559.04,46.061728379,-116.146521334
25.43,2508.25,46.061728379,-116.188185458
25.54,2469.06,46.061728379,-116.229849582
25.49,2368.15,46.061728379,-116.271513706
25.66,2300.25,46.061728379,-116.31317783
27.01,2444.47,46.061728379,-116.354841954
27.71,2633.15,46.061728379,-116.396506078
37.65,1720.56,46.061728379,-118.18806341
40.54,1757.96,46.061728379,-118.229727534
46.52,1336.98,46.061728379,-118.271391658
34.76,1161.28,46.061728379,-118.438048154
69.81,661.22,46.061728379,-118.479712278
74.67,599.19,46.061728379,-118.521376402
76,547.16,46.061728379,-118.563040526
92.87,227.26,46.061728379,-118.646368774
101.02,217.88,46.061728379,-118.688032898
83.51,52.5,46.061728379,-119.104674138
150.24,8.64,46.061728379,-119.812964246
153.68,10.37,46.061728379,-119.85462837
22.55,3150.46,46.103392503,-116.10485721
24.64,2804.65,46.103392503,-116.146521334
24.67,2497.69,46.103392503,-116.188185458
23.77,2588.11,46.103392503,-116.229849582
24.18,2570.5,46.103392503,-116.271513706
25.53,2585.2,46.103392503,-116.31317783
24.41,2707.67,46.103392503,-116.354841954
28.91,2582.06,46.103392503,-116.438170202
18.15,4019.84,46.103392503,-118.104735162
18.19,3973.24,46.103392503,-118.146399286
29.71,3121.61,46.103392503,-118.18806341
34.71,2083.75,46.103392503,-118.229727534
44.25,1451.15,46.103392503,-118.271391658
53.93,1131.79,46.103392503,-118.313055782
52.04,1062.71,46.103392503,-118.354719906
54.55,937.58,46.103392503,-118.39638403
59.64,813.15,46.103392503,-118.438048154
62.09,805.36,46.103392503,-118.479712278
64.85,580.02,46.103392503,-118.688032898
58.93,711.27,46.103392503,-118.729697022
73.81,110.21,46.103392503,-119.146338262
73.13,59.75,46.103392503,-119.271330634
78.52,95.69,46.103392503,-119.312994758
88.15,80.28,46.103392503,-119.354658882
84.57,53.58,46.103392503,-119.396323006
77.39,30.17,46.103392503,-119.43798713
70.37,12.78,46.103392503,-119.521315378
212.72,29.59,46.103392503,-119.812964246
23.43,2868.79,46.145056627,-116.146521334
27.35,2409.54,46.145056627,-116.188185458
24.55,2523.78,46.145056627,-116.229849582
24,2556.66,46.145056627,-116.271513706
23.83,2665.84,46.145056627,-116.31317783
24.41,2703.97,46.145056627,-116.354841954
24.35,2738.31,46.145056627,-116.396506078
26.91,2794.47,46.145056627,-116.438170202
25.41,2871.19,46.145056627,-116.479834326
25.14,2968.24,46.145056627,-116.52149845
17.84,4002.81,46.145056627,-118.104735162
21.63,3672.55,46.145056627,-118.146399286
28.31,3094.42,46.145056627,-118.18806341
32.19,2483.62,46.145056627,-118.229727534
40.38,1486.77,46.145056627,-118.271391658
49.41,1143.89,46.145056627,-118.313055782
50.81,1057.76,46.145056627,-118.354719906
39.29,1262.78,46.145056627,-118.39638403
45.37,1149.07,46.145056627,-118.438048154
38.2,1340.75,46.145056627,-118.521376402
32.01,1562.83,46.145056627,-118.563040526
64.48,605.7,46.145056627,-118.688032898
65.06,40.17,46.145056627,-119.271330634
66.17,52.31,46.145056627,-119.312994758
74.28,105.45,46.145056627,-119.354658882
74.44,122.71,46.145056627,-119.396323006
87.45,88.32,46.145056627,-119.43798713
66.26,23.48,46.145056627,-119.521315378
107.45,26.36,46.145056627,-119.64630775
99.28,22.99,46.145056627,-119.687971874
71.11,18.21,46.145056627,-119.729635998
77.85,24.85,46.145056627,-119.771300122
100.04,32.48,46.145056627,-119.812964246
25.03,2932.35,46.186720751,-116.10485721
30,2474.42,46.186720751,-116.146521334
30.57,2217.65,46.186720751,-116.188185458
23.01,2050.76,46.186720751,-116.229849582
23.23,2312.76,46.186720751,-116.271513706
23.3,2445.54,46.186720751,-116.31317783
23.56,2653.77,46.186720751,-116.354841954
22.74,2659.72,46.186720751,-116.396506078
23.84,2727.75,46.186720751,-116.438170202
26.06,2822.19,46.186720751,-116.479834326
26.48,2928.08,46.186720751,-116.52149845
26.43,3112.07,46.186720751,-116.604826698
33.4,952.52,46.186720751,-117.063132062
32.69,1072.42,46.186720751,-117.104796186
33.75,1068.06,46.186720751,-117.14646031
18.22,3905.55,46.186720751,-118.063071038
27.43,2795.53,46.186720751,-118.146399286
29.76,2228.33,46.186720751,-118.18806341
32.99,1773.89,46.186720751,-118.229727534
41.03,1348.17,46.186720751,-118.271391658
39.49,1346.92,46.186720751,-118.313055782
40.67,1302.05,46.186720751,-118.354719906
43.5,1175.75,46.186720751,-118.39638403
37.93,1282.17,46.186720751,-118.438048154
43.45,1111.4,46.186720751,-118.521376402
33.75,1323.98,46.186720751,-118.563040526
82.31,114.93,46.186720751,-119.43798713
75.69,112.7,46.186720751,-119.479651254
81.56,97.38,46.186720751,-119.521315378
77.83,87.91,46.186720751,-119.562979502
58.35,33.14,46.186720751,-119.604643626
64.8,25.35,46.186720751,-119.64630775
69.53,21.07,46.186720751,-119.687971874
25.13,2914.17,46.228384875,-116.10485721
29.94,2290.62,46.228384875,-116.146521334
27.84,1937.56,46.228384875,-116.188185458
23.53,1887.29,46.228384875,-116.229849582
22.19,2174.41,46.228384875,-116.271513706
23.21,2234.57,46.228384875,-116.31317783
24.39,2410.66,46.228384875,-116.354841954
23.91,2523.98,46.228384875,-116.396506078
23.95,2630.81,46.228384875,-116.438170202
25.41,2652.07,46.228384875,-116.479834326
25.51,2746.68,46.228384875,-116.52149845
22.47,2955.81,46.228384875,-116.563162574
25.02,2776.63,46.228384875,-116.604826698
22.93,1737.71,46.228384875,-116.896475566
29.47,1030.8,46.228384875,-117.063132062
48.03,1036.74,46.228384875,-117.229788558
18,3939.15,46.228384875,-117.97974279
21.55,3347.38,46.228384875,-118.021406914
25.74,2544.25,46.228384875,-118.063071038
26.45,2018.48,46.228384875,-118.104735162
28.48,1815.19,46.228384875,-118.146399286
28.09,2091.55,46.228384875,-118.18806341
29.67,2139.67,46.228384875,-118.229727534
30.32,1829.1,46.228384875,-118.271391658
31.08,1602.11,46.228384875,-118.313055782
30.32,1546.23,46.228384875,-118.354719906
36.31,1231.61,46.228384875,-118.39638403
32.57,1325.95,46.228384875,-118.438048154
44.09,1060.02,46.228384875,-118.479712278
49.07,880.91,46.228384875,-118.521376402
60.21,672.48,46.228384875,-118.563040526
68.25,205.99,46.228384875,-119.521315378
72.45,181.01,46.228384875,-119.562979502
83.01,48.99,46.228384875,-119.604643626
31.04,2160.41,46.270048999,-116.146521334
25.2,1995.9,46.270048999,-116.188185458
23.87,2015.08,46.270048999,-116.229849582
22.65,2177.21,46.270048999,-116.271513706
22.49,2412.91,46.270048999,-116.31317783
22.59,2463.52,46.270048999,-116.354841954
23.17,2486.88,46.270048999,-116.396506078
23.49,2592.7,46.270048999,-116.438170202
23.07,2662.77,46.270048999,-116.479834326
23.1,2684.4,46.270048999,-116.52149845
22.81,2824.49,46.270048999,-116.563162574
22.67,2867.02,46.270048999,-116.604826698
23.49,2948.36,46.270048999,-116.646490822
20.68,2715.56,46.270048999,-116.771483194
20,2714.8,46.270048999,-116.813147318
21.85,2351.19,46.270048999,-116.854811442
21.19,1895.82,46.270048999,-116.896475566
48.29,934.17,46.270048999,-117.229788558
20.75,3192.07,46.270048999,-117.938078666
22.85,2731.36,46.270048999,-117.97974279
25.33,1918.13,46.270048999,-118.021406914
30.53,1478.75,46.270048999,-118.063071038
31.32,1510.32,46.270048999,-118.104735162
31.11,1660.93,46.270048999,-118.146399286
32.06,1623.63,46.270048999,-118.18806341
32.38,1489.67,46.270048999,-118.229727534
30.85,1519.73,46.270048999,-118.271391658
29.91,1486.85,46.270048999,-118.313055782
29.86,1474.83,46.270048999,-118.354719906
45.08,1010.59,46.270048999,-118.39638403
51.17,848.64,46.270048999,-118.438048154
59.5,669.5,46.270048999,-118.479712278
60.71,651.93,46.270048999,-118.521376402
62.67,616.37,46.270048999,-118.563040526
27.01,2505.57,46.311713123,-116.188185458
24.17,2415.81,46.311713123,-116.229849582
22.8,2601.01,46.311713123,-116.271513706
20.88,2756.26,46.311713123,-116.31317783
20.81,2703.51,46.311713123,-116.354841954
21.54,2564.03,46.311713123,-116.396506078
21.55,2732.9,46.311713123,-116.438170202
21.12,2739.85,46.311713123,-116.479834326
21.56,2734.54,46.311713123,-116.52149845
21.56,2762.8,46.311713123,-116.563162574
20.39,2812.26,46.311713123,-116.604826698
20.56,3009.66,46.311713123,-116.646490822
20.64,2970.94,46.311713123,-116.72981907
20.82,3093.66,46.311713123,-116.771483194
21.06,3343.12,46.311713123,-116.813147318
20.02,2728.92,46.311713123,-116.896475566
21.36,2268.04,46.311713123,-116.93813969
19.44,3725.05,46.311713123,-117.896414542
23.07,2717.9,46.311713123,-117.938078666
24.72,1800.98,46.311713123,-117.97974279
26.23,2043.51,46.311713123,-118.021406914
25.17,2235.37,46.311713123,-118.063071038
25.48,1964.97,46.311713123,-118.104735162
28.1,1645.31,46.311713123,-118.146399286
29.8,1483.8,46.311713123,-118.18806341
31.07,1476.03,46.311713123,-118.229727534
30.3,1400.48,46.311713123,-118.271391658
30.43,1255.64,46.311713123,-118.313055782
29.91,1411.85,46.311713123,-118.354719906
37.28,1128.42,46.311713123,-118.39638403
56.22,727.42,46.311713123,-118.438048154
81.99,413.45,46.311713123,-118.563040526
56.89,660.05,46.311713123,-118.60470465
21.39,3104.61,46.353377247,-116.229849582
18.98,3215.48,46.353377247,-116.271513706
20.05,3167.23,46.353377247,-116.31317783
21.44,2754.85,46.353377247,-116.438170202
20.04,2819.94,46.353377247,-116.479834326
20.22,2938.44,46.353377247,-116.52149845
20.53,2828.75,46.353377247,-116.563162574
18.45,3125.82,46.353377247,-116.688154946
23.13,2741.03,46.353377247,-116.72981907
24.08,2177.63,46.353377247,-116.813147318
22.97,2475.04,46.353377247,-116.854811442
23.6,2203.08,46.353377247,-116.896475566
25.08,1591.49,46.353377247,-116.93813969
25.71,1405.71,46.353377247,-116.979803814
32.05,1356.72,46.353377247,-117.188124434
17.09,3734.85,46.353377247,-117.729758046
16.77,3654.84,46.353377247,-117.77142217
16.48,3611.97,46.353377247,-117.813086294
16.75,3650.81,46.353377247,-117.854750418
20.35,3380.9,46.353377247,-117.896414542
21.45,2555.68,46.353377247,-117.938078666
22.49,2293.23,46.353377247,-117.97974279
24.66,2334.06,46.353377247,-118.021406914
25.22,2146.32,46.353377247,-118.063071038
25.16,2139.58,46.353377247,-118.104735162
25.44,2065.29,46.353377247,-118.146399286
25.28,2287.61,46.353377247,-118.18806341
25.4,2014.31,46.353377247,-118.229727534
23.85,1938.28,46.353377247,-118.271391658
23.58,2035.14,46.353377247,-118.313055782
24.95,1587.31,46.353377247,-118.354719906
67.55,498.29,46.353377247,-118.479712278
80.09,386.55,46.353377247,-118.521376402
82.77,327.13,46.353377247,-118.563040526
20.88,3377.67,46.395041371,-116.229849582
20.25,3331.52,46.395041371,-116.271513706
19.54,3272.9,46.395041371,-116.31317783
19.84,3304.24,46.395041371,-116.354841954
19.07,3298.23,46.395041371,-116.396506078
18.94,3179.34,46.395041371,-116.438170202
18.36,3157.58,46.395041371,-116.479834326
18.52,3222.8,46.395041371,-116.52149845
19.17,3168.49,46.395041371,-116.604826698
19.48,3438.85,46.395041371,-116.646490822
19.1,3126.78,46.395041371,-116.688154946
20.6,3095.38,46.395041371,-116.72981907
24.36,2322.26,46.395041371,-116.771483194
23.6,2300.32,46.395041371,-116.854811442
24.12,1904.69,46.395041371,-116.896475566
26.72,1664.47,46.395041371,-116.93813969
26.32,1668.95,46.395041371,-117.14646031
21.85,2911.74,46.395041371,-117.521437426
18.52,3420.71,46.395041371,-117.56310155
19.8,3264.76,46.395041371,-117.813086294
17.78,3147.63,46.395041371,-117.854750418
19.04,2781.94,46.395041371,-117.896414542
20.81,2468.24,46.395041371,-117.938078666
20.97,2402.54,46.395041371,-117.97974279
23.11,2356.53,46.395041371,-118.021406914
23.06,2197.12,46.395041371,-118.063071038
23.46,2105.89,46.395041371,-118.104735162
23.66,2123.73,46.395041371,-118.146399286
22.53,1880.73,46.395041371,-118.18806341
23.44,1877.74,46.395041371,-118.229727534
23.98,1706.2,46.395041371,-118.271391658
26.7,1363.49,46.395041371,-118.313055782
31.72,1127.83,46.395041371,-118.354719906
33.2,1156.53,46.395041371,-118.39638403
50.19,765.15,46.395041371,-118.438048154
72.7,441.78,46.395041371,-118.479712278
85.86,299.92,46.395041371,-118.521376402
80.48,291.18,46.395041371,-119.687971874
20.12,3457.66,46.436705495,-116.271513706
19.8,3303.4,46.436705495,-116.31317783
20.09,3453.97,46.436705495,-116.354841954
18.57,3443.98,46.436705495,-116.438170202
20.02,3115.95,46.436705495,-116.479834326
18.24,3310.61,46.436705495,-116.52149845
18.01,3247.77,46.436705495,-116.563162574
19.34,3351.47,46.436705495,-116.604826698
19.91,2934.07,46.436705495,-116.646490822
20.26,2993.98,46.436705495,-116.688154946
23.31,2839.94,46.436705495,-116.72981907
23.69,2157.53,46.436705495,-116.771483194
40.14,1085.39,46.436705495,-116.854811442
26.46,1444.11,46.436705495,-117.396445054
22.21,1557.94,46.436705495,-117.438109178
23.29,2658.84,46.436705495,-117.521437426
23.78,2712.43,46.436705495,-117.56310155
23.99,2050.52,46.436705495,-117.604765674
20.63,2224.87,46.436705495,-117.854750418
24.64,1734.19,46.436705495,-118.021406914
24.88,1617.61,46.436705495,-118.063071038
28.34,1166.18,46.436705495,-118.271391658
24.13,1472.7,46.436705495,-118.313055782
35.65,981.59,46.436705495,-118.354719906
39.17,998.42,46.436705495,-118.39638403
55.36,723.38,46.436705495,-118.438048154
103.22,63.06,46.436705495,-118.729697022
18.11,3480.3,46.478369619,-116.563162574
19.83,3386.59,46.478369619,-116.604826698
19.12,3043.15,46.478369619,-116.646490822
23.49,2742.66,46.478369619,-116.688154946
21.8,2722.67,46.478369619,-116.72981907
18.82,3394.81,46.478369619,-116.896475566
19.5,3387.53,46.478369619,-116.979803814
18.7,3302.13,46.478369619,-117.021467938
18.08,3573.81,46.478369619,-117.063132062
19.34,3415.39,46.478369619,-117.104796186
22.62,1400.67,46.478369619,-117.313116806
23.72,1488.29,46.478369619,-117.35478093
23.66,1420.68,46.478369619,-117.396445054
21.2,1722.37,46.478369619,-117.438109178
21.94,1875.8,46.478369619,-117.479773302
22.45,1686.02,46.478369619,-117.521437426
22.78,1480.49,46.478369619,-117.56310155
27.4,1278.11,46.478369619,-117.604765674
25.14,1360.09,46.478369619,-117.688093922
42.05,877.56,46.478369619,-118.313055782
44.86,869.28,46.478369619,-118.354719906
100.43,45.57,46.478369619,-118.688032898
98.59,60.05,46.478369619,-118.729697022
18.39,3101.93,46.520033743,-116.813147318
18.74,3478.48,46.520033743,-116.854811442
18.82,3497.38,46.520033743,-116.896475566
18.76,3500.8,46.520033743,-116.93813969
18.34,3483.66,46.520033743,-116.979803814
19.09,3324.46,46.520033743,-117.021467938
18.74,3433.22,46.520033743,-117.063132062
18.8,3428.03,46.520033743,-117.104796186
19.46,3353.72,46.520033743,-117.14646031
20.64,2236.99,46.520033743,-117.313116806
22.08,2024.6,46.520033743,-117.35478093
20.89,2059.47,46.520033743,-117.396445054
21.61,1939.84,46.520033743,-117.438109178
22.12,1484.07,46.520033743,-117.521437426
26.42,1422.1,46.520033743,-117.56310155
25.62,1417.02,46.520033743,-117.646429798
24.55,1475.01,46.520033743,-117.688093922
23.6,1535.32,46.520033743,-117.729758046
86.32,141.03,46.520033743,-118.896353518
24.52,2224.28,46.561697867,-116.396506078
23.81,2180.77,46.561697867,-116.438170202
20.38,3145.77,46.561697867,-116.479834326
20.23,3437.65,46.561697867,-116.563162574
22.5,2462.7,46.561697867,-116.604826698
20.49,3175.39,46.561697867,-116.646490822
22.93,2687.8,46.561697867,-116.688154946
20.02,2996.97,46.561697867,-116.72981907
19.87,3000.92,46.561697867,-116.771483194
17.34,3436.22,46.561697867,-116.813147318
17.46,3399.06,46.561697867,-116.854811442
18.98,3202.78,46.561697867,-116.896475566
18.2,3280.97,46.561697867,-116.93813969
17.29,3341.18,46.561697867,-116.979803814
17.8,3259.39,46.561697867,-117.021467938
17.84,3332.03,46.561697867,-117.063132062
17.94,3417.91,46.561697867,-117.104796186
19.08,3324.46,46.561697867,-117.14646031
19.54,3150.46,46.561697867,-117.188124434
21.71,2449.2,46.561697867,-117.396445054
20.65,2223.68,46.561697867,-117.438109178
106.74,35.68,46.561697867,-118.688032898
97.12,58.26,46.561697867,-118.729697022
90.41,150.13,46.561697867,-118.81302527
86.69,186.31,46.561697867,-118.854689394
22.45,2010.76,46.603361991,-116.438170202
21.27,2073.7,46.603361991,-116.479834326
19.79,3219.43,46.603361991,-116.52149845
19.86,3328.53,46.603361991,-116.563162574
20,3383.44,46.603361991,-116.604826698
21.76,2881.44,46.603361991,-116.646490822
19.37,3022.29,46.603361991,-116.688154946
20.61,2978.83,46.603361991,-116.72981907
17.75,3331.64,46.603361991,-116.771483194
17.33,3337.66,46.603361991,-116.813147318
18.27,3355.55,46.603361991,-116.854811442
17.37,3305,46.603361991,-116.896475566
16.35,3306.38,46.603361991,-116.93813969
16.52,3375.51,46.603361991,-116.979803814
16.63,3518.46,46.603361991,-117.021467938
17.62,3613.68,46.603361991,-117.063132062
17.73,3480.61,46.603361991,-117.104796186
18.59,3402.51,46.603361991,-117.14646031
19.47,3168.94,46.603361991,-117.188124434
19.8,2835.67,46.603361991,-117.229788558
20.21,2658.32,46.603361991,-117.271452682
20.62,2750.87,46.603361991,-117.438109178
20.88,2460.56,46.603361991,-117.479773302
22.34,2102.87,46.603361991,-117.521437426
23.34,1966.66,46.603361991,-117.56310155
23.13,2026.91,46.603361991,-117.646429798
109.05,47.14,46.603361991,-118.563040526
122.73,31.69,46.603361991,-118.60470465
106.29,30.19,46.603361991,-118.646368774
92.69,45.53,46.603361991,-118.688032898
85.07,65.75,46.603361991,-118.729697022
91.88,107.79,46.603361991,-118.771361146
21.93,3009.07,46.645026115,-116.688154946
16.15,3488.66,46.645026115,-116.72981907
16.15,3518.93,46.645026115,-116.771483194
17.26,3457.04,46.645026115,-116.813147318
17.64,3433,46.645026115,-116.854811442
18.28,3278.35,46.645026115,-116.896475566
19.16,3312.04,46.645026115,-116.93813969
17.49,3422.36,46.645026115,-116.979803814
17.38,3585.8,46.645026115,-117.021467938
17.01,3680.39,46.645026115,-117.063132062
16.58,3628.67,46.645026115,-117.104796186
17.78,3391.47,46.645026115,-117.14646031
18.79,3218.57,46.645026115,-117.188124434
19.8,2977.36,46.645026115,-117.229788558
20.78,2742.7,46.645026115,-117.271452682
21.49,2666.14,46.645026115,-117.313116806
20.22,2355.17,46.645026115,-117.479773302
22.56,2224.97,46.645026115,-117.521437426
22.4,2355.29,46.645026115,-117.56310155
19.61,1520.44,46.645026115,-117.938078666
21.22,1438.53,46.645026115,-117.97974279
21.31,1292.69,46.645026115,-118.104735162
81.79,239.41,46.645026115,-118.39638403
19.97,3307.51,46.686690239,-116.604826698
21.11,2875.9,46.686690239,-116.646490822
16.46,3570.03,46.686690239,-116.688154946
16.46,3545.57,46.686690239,-116.72981907
16.16,3563.23,46.686690239,-116.771483194
16.6,3473.42,46.686690239,-116.813147318
17.57,3446.98,46.686690239,-116.854811442
19.94,3400.12,46.686690239,-116.896475566
18.6,3524.96,46.686690239,-116.979803814
16.45,3578.67,46.686690239,-117.021467938
17.62,3594.85,46.686690239,-117.063132062
18.53,3570.18,46.686690239,-117.104796186
18.63,3399.1,46.686690239,-117.14646031
19.32,3220.83,46.686690239,-117.188124434
19.33,3090.88,46.686690239,-117.229788558
19.41,2932.41,46.686690239,-117.271452682
21.1,2622.12,46.686690239,-117.313116806
21.71,2591.31,46.686690239,-117.35478093
30.14,996.06,46.686690239,-117.396445054
22.11,1317.25,46.686690239,-118.063071038
23.19,1279.63,46.686690239,-118.104735162
82.51,239.52,46.686690239,-118.729697022
78.6,299.88,46.686690239,-118.771361146
20.42,2679.16,46.728354363,-116.646490822
19.54,3362.98,46.728354363,-116.813147318
19.92,3416.41,46.728354363,-116.896475566
16.82,3510.48,46.728354363,-116.93813969
17.58,3604.58,46.728354363,-117.063132062
17.36,3546.09,46.728354363,-117.104796186
18.19,3025.75,46.728354363,-117.229788558
18.37,2956.98,46.728354363,-117.271452682
20.21,2880.66,46.728354363,-117.313116806
21.14,2647.54,46.728354363,-117.35478093
21.38,2444.46,46.728354363,-117.396445054
20.5,2318.81,46.728354363,-117.521437426
21.51,2351.33,46.728354363,-117.56310155
34.89,860.93,46.728354363,-117.688093922
18.52,1833.1,46.728354363,-117.813086294
18.46,1600.81,46.728354363,-117.97974279
18.99,1621.24,46.728354363,-118.063071038
57.69,537.23,46.728354363,-118.646368774
57.12,558.63,46.728354363,-118.688032898
67.93,442.35,46.728354363,-118.729697022
70.58,409.06,46.728354363,-118.771361146
70.87,390.98,46.728354363,-118.81302527
75.08,375.33,46.728354363,-118.896353518
18.03,3280.07,46.770018487,-116.896475566
19.45,3432.31,46.770018487,-116.93813969
16.49,3592.42,46.770018487,-116.979803814
16.87,3544.62,46.770018487,-117.021467938
16.21,3546.18,46.770018487,-117.063132062
16.81,3456.22,46.770018487,-117.104796186
17.13,3327.59,46.770018487,-117.14646031
17.94,3133.29,46.770018487,-117.188124434
18.12,3067.27,46.770018487,-117.229788558
19.1,2984.06,46.770018487,-117.271452682
19.4,2853.6,46.770018487,-117.313116806
20.89,2713.12,46.770018487,-117.35478093
21.4,2547.46,46.770018487,-117.396445054
21.09,2370.96,46.770018487,-117.438109178
20.26,2326.23,46.770018487,-117.479773302
19.78,2313.1,46.770018487,-117.521437426
19.68,2290.76,46.770018487,-117.646429798
19.25,2170.64,46.770018487,-117.688093922
18.45,2107.38,46.770018487,-117.729758046
17.49,1835.59,46.770018487,-117.77142217
19.04,1768.2,46.770018487,-117.813086294
24.06,1654.34,46.770018487,-117.896414542
35.08,923.15,46.770018487,-118.354719906
46.12,786.06,46.770018487,-118.438048154
48.81,714.63,46.770018487,-118.479712278
50.96,690.28,46.770018487,-118.563040526
50.81,684.23,46.770018487,-118.60470465
51.99,663.02,46.770018487,-118.646368774
50.02,662.48,46.770018487,-118.688032898
53.95,583.47,46.770018487,-118.729697022
54.64,568.28,46.770018487,-118.771361146
16.96,3526.1,46.811682611,-117.063132062
16.7,3475.77,46.811682611,-117.104796186
16.69,3354.8,46.811682611,-117.14646031
17.24,3238.4,46.811682611,-117.188124434
17.75,3237.68,46.811682611,-117.229788558
19.48,3011.16,46.811682611,-117.271452682
19.66,2931.75,46.811682611,-117.313116806
20.99,2856.4,46.811682611,-117.35478093
21.36,2694.48,46.811682611,-117.396445054
21.41,2568.56,46.811682611,-117.438109178
19.98,2500.79,46.811682611,-117.479773302
19.28,2437.42,46.811682611,-117.521437426
19.48,2457.36,46.811682611,-117.56310155
19.33,2382.82,46.811682611,-117.604765674
18.76,2263.61,46.811682611,-117.646429798
18.3,2162.55,46.811682611,-117.688093922
19.08,2040.74,46.811682611,-117.729758046
20.02,1872.68,46.811682611,-117.77142217
22.55,1798.12,46.811682611,-117.813086294
21.63,1295.49,46.811682611,-118.229727534
29.79,1023.73,46.811682611,-118.354719906
34.44,991.99,46.811682611,-118.39638403
51.86,702.56,46.811682611,-118.438048154
50.2,723,46.811682611,-118.479712278
46.82,761.12,46.811682611,-118.521376402
50.91,701.22,46.811682611,-118.563040526
53.02,647.22,46.811682611,-118.60470465
55.01,623.61,46.811682611,-118.646368774
48.55,653.52,46.811682611,-118.688032898
17.99,3388.19,46.853346735,-117.021467938
20.31,3434.65,46.853346735,-117.063132062
16.6,3519.19,46.853346735,-117.104796186
18.57,3398.51,46.853346735,-117.14646031
17.88,3406.42,46.853346735,-117.188124434
18.4,3189.77,46.853346735,-117.229788558
19.77,2965.56,46.853346735,-117.271452682
20.34,2829.73,46.853346735,-117.313116806
21.41,2808.12,46.853346735,-117.35478093
21.77,2720.52,46.853346735,-117.396445054
21.29,2721.24,46.853346735,-117.438109178
21.58,2691.35,46.853346735,-117.479773302
21.54,2505.85,46.853346735,-117.521437426
20.82,2404.58,46.853346735,-117.56310155
20.55,2272.7,46.853346735,-117.604765674
20.2,2094.44,46.853346735,-117.646429798
19.82,2007.13,46.853346735,-117.688093922
20.23,1894.99,46.853346735,-117.729758046
24.08,1779.79,46.853346735,-117.77142217
23.82,1775.9,46.853346735,-117.813086294
17.39,1080.03,46.853346735,-117.854750418
19.28,1393.95,46.853346735,-118.229727534
25.57,624.74,46.853346735,-118.313055782
27.18,1126.29,46.853346735,-118.354719906
33.98,988.87,46.853346735,-118.39638403
42.89,834.85,46.853346735,-118.438048154
41.9,841.46,46.853346735,-118.479712278
44.73,783.11,46.853346735,-118.521376402
44.07,795.11,46.853346735,-118.563040526
46.17,731.93,46.853346735,-118.60470465
53.32,637.8,46.853346735,-118.646368774
50.76,639.09,46.853346735,-118.81302527
23.01,3352.66,46.895010859,-116.93813969
22.97,3345.46,46.895010859,-116.979803814
21.37,3362.19,46.895010859,-117.021467938
20.69,3354.7,46.895010859,-117.063132062
18.74,3385.35,46.895010859,-117.104796186
21.62,3342.81,46.895010859,-117.14646031
20.45,3310.85,46.895010859,-117.188124434
19.28,3154.04,46.895010859,-117.229788558
21.27,3020.86,46.895010859,-117.271452682
21.54,2930.87,46.895010859,-117.313116806
21.7,2787.4,46.895010859,-117.35478093
23.76,2648.5,46.895010859,-117.396445054
21.7,2683.31,46.895010859,-117.438109178
22.74,2691.21,46.895010859,-117.479773302
22.28,2634.55,46.895010859,-117.521437426
22.15,2463.82,46.895010859,-117.56310155
21.9,2270.17,46.895010859,-117.604765674
20.99,2136.02,46.895010859,-117.646429798
21.04,2065.55,46.895010859,-117.688093922
21.02,1996.09,46.895010859,-117.729758046
20.97,1939.31,46.895010859,-117.77142217
21.39,1811.65,46.895010859,-117.813086294
17.34,1075.47,46.895010859,-117.97974279
21.02,1676.23,46.895010859,-118.021406914
25.24,611.91,46.895010859,-118.313055782
23.77,608.76,46.895010859,-118.354719906
34.34,988.92,46.895010859,-118.39638403
34.7,953.96,46.895010859,-118.438048154
35.87,907.65,46.895010859,-118.479712278
41.62,846.97,46.895010859,-118.521376402
37.46,890.12,46.895010859,-118.563040526
48.07,709.47,46.895010859,-118.688032898
44.29,702.45,46.895010859,-118.729697022
45.38,708.39,46.895010859,-118.854689394
64,502.16,46.895010859,-119.02134589
19.76,3208.62,46.936674983,-116.813147318
24.09,3134.12,46.936674983,-116.854811442
24.39,3110.64,46.936674983,-116.896475566
24.25,3241.46,46.936674983,-116.93813969
23.45,3221.7,46.936674983,-116.979803814
22.77,3258.65,46.936674983,-117.021467938
21.53,3279.89,46.936674983,-117.063132062
19.85,3396.89,46.936674983,-117.104796186
20.34,3314.89,46.936674983,-117.14646031
19.67,3248.5,46.936674983,-117.188124434
19.57,3206.21,46.936674983,-117.229788558
21.48,3118.41,46.936674983,-117.271452682
21.53,2985.27,46.936674983,-117.313116806
20.34,2946.25,46.936674983,-117.35478093
23.03,2809.25,46.936674983,-117.396445054
22.51,2631.43,46.936674983,-117.438109178
21.95,2591.95,46.936674983,-117.479773302
21.16,2562.57,46.936674983,-117.521437426
20.97,2424.7,46.936674983,-117.56310155
21.43,2238.74,46.936674983,-117.604765674
22.68,2182.75,46.936674983,-117.646429798
22.73,2062.33,46.936674983,-117.688093922
22.87,2010.98,46.936674983,-117.729758046
23.58,1927.09,46.936674983,-117.77142217
19.62,1104.1,46.936674983,-117.813086294
18,1061.1,46.936674983,-117.97974279
24.41,600.13,46.936674983,-118.313055782
35.37,1011.05,46.936674983,-118.354719906
36.7,958.33,46.936674983,-118.39638403
37.95,894.33,46.936674983,-118.438048154
43.21,818.16,46.936674983,-118.479712278
51.77,725.67,46.936674983,-118.521376402
50.53,735.5,46.936674983,-118.563040526
49.91,735.74,46.936674983,-118.60470465
46.75,765.85,46.936674983,-118.646368774
48.49,670.96,46.936674983,-118.771361146
46.8,664.52,46.936674983,-118.81302527
63.39,504.07,46.936674983,-119.02134589
21.41,3162.82,46.978339107,-116.854811442
23.31,3165.08,46.978339107,-116.896475566
23.76,3215.36,46.978339107,-116.93813969
22.76,3169.78,46.978339107,-116.979803814
22.42,3190.91,46.978339107,-117.021467938
20.66,3308.63,46.978339107,-117.063132062
20.37,3236.21,46.978339107,-117.104796186
21.42,3177.16,46.978339107,-117.14646031
20.01,3297.53,46.978339107,-117.188124434
19.42,3208.1,46.978339107,-117.229788558
19.5,3119.32,46.978339107,-117.271452682
19.37,3115.69,46.978339107,-117.313116806
20.5,3073.26,46.978339107,-117.35478093
20.9,3023.62,46.978339107,-117.396445054
20.77,2990.83,46.978339107,-117.438109178
20.64,2852.43,46.978339107,-117.479773302
20.94,2575.15,46.978339107,-117.521437426
21.91,2228.85,46.978339107,-117.56310155
24.43,2168.95,46.978339107,-117.604765674
23.35,2123.26,46.978339107,-117.646429798
24.17,2024.87,46.978339107,-117.688093922
25.13,1962.75,46.978339107,-117.729758046
19.11,1101.4,46.978339107,-117.813086294
20.84,1941.95,46.978339107,-117.854750418
22.6,1024.14,46.978339107,-118.063071038
35.93,1005.03,46.978339107,-118.313055782
37.4,963.16,46.978339107,-118.354719906
39.08,899.25,46.978339107,-118.39638403
42.91,838.89,46.978339107,-118.438048154
48.51,742.27,46.978339107,-118.479712278
46.33,746.91,46.978339107,-118.729697022
48.32,738.21,46.978339107,-118.771361146
20.66,3146.55,47.020003231,-116.93813969
21.04,3156.36,47.020003231,-117.021467938
21.89,3184.2,47.020003231,-117.063132062
21.39,3244.72,47.020003231,-117.104796186
22.26,3228.1,47.020003231,-117.14646031
22.19,3179.4,47.020003231,-117.188124434
19.15,3211.93,47.020003231,-117.229788558
19.17,3262.76,47.020003231,-117.271452682
17.16,3176.96,47.020003231,-117.313116806
20.18,3137.14,47.020003231,-117.35478093
21.21,3078.41,47.020003231,-117.396445054
22.49,2909.7,47.020003231,-117.438109178
21.58,2804,47.020003231,-117.479773302
23.44,2716.03,47.020003231,-117.521437426
22.4,2461.31,47.020003231,-117.56310155
23.2,2204.17,47.020003231,-117.604765674
24.07,2104.69,47.020003231,-117.646429798
23.06,2121.12,47.020003231,-117.688093922
23.21,1989.39,47.020003231,-117.77142217
37.3,1026.53,47.020003231,-118.313055782
39.07,1018.59,47.020003231,-118.354719906
38.66,974.95,47.020003231,-118.39638403
53.99,679.34,47.020003231,-118.521376402
40.66,826.7,47.020003231,-118.688032898
42.27,805.9,47.020003231,-118.729697022
49.72,710.89,47.020003231,-118.771361146
51.44,669.76,47.020003231,-118.854689394
50.19,662.38,47.020003231,-118.896353518
21.57,3199.44,47.061667355,-117.021467938
22.87,3191.78,47.061667355,-117.063132062
20.43,3217.18,47.061667355,-117.104796186
22.93,3130.96,47.061667355,-117.14646031
21.73,3122.14,47.061667355,-117.188124434
21.46,3173.55,47.061667355,-117.229788558
21.23,3179.1,47.061667355,-117.271452682
21.51,3129.32,47.061667355,-117.313116806
19.81,3147.71,47.061667355,-117.35478093
21.24,3058.21,47.061667355,-117.396445054
21.91,3015.91,47.061667355,-117.438109178
21.55,2915.21,47.061667355,-117.479773302
24.44,2609.11,47.061667355,-117.521437426
24.49,2403.75,47.061667355,-117.56310155
26.74,2236.5,47.061667355,-117.604765674
24.02,2225.42,47.061667355,-117.688093922
22.43,2159.51,47.061667355,-117.729758046
30.32,1233.78,47.061667355,-118.18806341
24.8,594.51,47.061667355,-118.354719906
38.07,1043.37,47.061667355,-118.39638403
25.26,577.7,47.061667355,-118.438048154
39.59,973.32,47.061667355,-118.479712278
41.35,877.29,47.061667355,-118.521376402
38.65,893.79,47.061667355,-118.563040526
38.7,872.64,47.061667355,-118.60470465
42.05,810.68,47.061667355,-118.688032898
46.39,740.87,47.061667355,-118.729697022
53.74,660.13,47.061667355,-118.771361146
46.8,709.29,47.061667355,-118.81302527
19.78,3128.89,47.103331479,-117.021467938
22.28,3177.7,47.103331479,-117.063132062
21.11,3196.51,47.103331479,-117.104796186
21.81,3088.37,47.103331479,-117.14646031
20.48,3151.97,47.103331479,-117.188124434
20.83,3168.51,47.103331479,-117.229788558
19.61,3173.64,47.103331479,-117.271452682
19.35,3155.34,47.103331479,-117.313116806
19.82,3106.9,47.103331479,-117.35478093
22.49,3015.33,47.103331479,-117.396445054
23.3,2939.76,47.103331479,-117.438109178
22.54,2861.24,47.103331479,-117.479773302
25.33,2117.4,47.103331479,-117.521437426
26.29,2042.88,47.103331479,-117.56310155
28.55,1990.65,47.103331479,-117.604765674
26.91,1977.61,47.103331479,-117.646429798
25.06,1997.51,47.103331479,-117.688093922
24.14,1955.89,47.103331479,-117.854750418
23,804.11,47.103331479,-117.938078666
33.21,1166.73,47.103331479,-118.354719906
25.57,597.96,47.103331479,-118.39638403
36.6,1084.84,47.103331479,-118.438048154
35.21,1061.7,47.103331479,-118.479712278
38.52,985.6,47.103331479,-118.521376402
39.59,928.46,47.103331479,-118.563040526
40.75,841.54,47.103331479,-118.646368774
38.11,879.2,47.103331479,-118.688032898
22.58,3207.19,47.144995603,-116.854811442
23.71,3195.86,47.144995603,-116.896475566
23.46,3373.37,47.144995603,-116.93813969
21.42,3290.58,47.144995603,-116.979803814
19.9,3228.55,47.144995603,-117.021467938
23.37,3186.02,47.144995603,-117.063132062
22.11,3175.06,47.144995603,-117.104796186
21.08,3204.56,47.144995603,-117.14646031
21.97,3159.28,47.144995603,-117.188124434
20.59,3137.67,47.144995603,-117.229788558
20.11,3197.42,47.144995603,-117.271452682
19.59,3228.85,47.144995603,-117.313116806
17.93,3213.92,47.144995603,-117.35478093
22.03,3049.1,47.144995603,-117.396445054
22.26,2928.67,47.144995603,-117.438109178
22.38,2860.61,47.144995603,-117.479773302
23.85,2801.75,47.144995603,-117.521437426
22.84,2801.75,47.144995603,-117.56310155
23.98,2539.04,47.144995603,-117.604765674
22.94,2412.9,47.144995603,-117.646429798
20.78,2016.58,47.144995603,-117.688093922
24.17,2189.05,47.144995603,-117.77142217
23.1,2151.31,47.144995603,-117.813086294
22.6,2109.33,47.144995603,-117.854750418
22.13,2081.07,47.144995603,-117.896414542
21.68,813.65,47.144995603,-117.938078666
28.84,1284.6,47.144995603,-118.18806341
31.14,1180.26,47.144995603,-118.271391658
28.05,593.62,47.144995603,-118.354719906
32.4,1162.04,47.144995603,-118.39638403
36.52,1088.59,47.144995603,-118.438048154
36.81,1052.33,47.144995603,-118.479712278
37.77,998.86,47.144995603,-118.521376402
38.05,995.26,47.144995603,-118.563040526
40.03,934.81,47.144995603,-118.60470465
40.23,931.96,47.144995603,-118.646368774
23.98,3231.59,47.186659727,-116.896475566
24.42,3232.68,47.186659727,-116.93813969
21.22,3316.51,47.186659727,-116.979803814
21.95,3157.05,47.186659727,-117.021467938
22.73,3135.18,47.186659727,-117.063132062
22.6,3110.93,47.186659727,-117.104796186
21.69,3158.25,47.186659727,-117.14646031
19.88,3204.98,47.186659727,-117.188124434
19.17,3165.76,47.186659727,-117.229788558
18.7,3127.23,47.186659727,-117.271452682
19.65,3100.79,47.186659727,-117.313116806
20.37,3043.01,47.186659727,-117.35478093
21.5,2977.92,47.186659727,-117.396445054
20.26,2923.95,47.186659727,-117.438109178
22.04,2836.57,47.186659727,-117.479773302
24.22,2734.59,47.186659727,-117.521437426
22.94,2704.47,47.186659727,-117.56310155
20.99,2701.77,47.186659727,-117.604765674
22.18,2462.36,47.186659727,-117.646429798
23.59,2344.07,47.186659727,-117.729758046
22.86,2365.14,47.186659727,-117.77142217
25.32,2255.39,47.186659727,-117.813086294
25.13,2244.24,47.186659727,-117.854750418
24.64,2149.56,47.186659727,-117.896414542
28.12,1391.68,47.186659727,-118.18806341
19.38,989.69,47.186659727,-118.229727534
19.49,984.35,47.186659727,-118.271391658
28.62,1236.99,47.186659727,-118.354719906
28.96,1219.42,47.186659727,-118.39638403
33.22,1112.45,47.186659727,-118.438048154
34.65,1073.06,47.186659727,-118.479712278
35.34,1041.1,47.186659727,-118.521376402
35.88,999.75,47.186659727,-118.563040526
37.38,956.17,47.186659727,-118.60470465
41.94,906.64,47.186659727,-118.646368774
38.79,956.8,47.186659727,-118.688032898
39.28,890.72,47.186659727,-118.771361146
44.55,827.2,47.186659727,-118.81302527
41.75,806.34,47.186659727,-118.854689394
44.38,728.52,47.186659727,-118.896353518
45.64,710.44,47.186659727,-118.938017642
21.81,3254.17,47.228323851,-116.896475566
22.51,3228.28,47.228323851,-116.93813969
21.23,3204.2,47.228323851,-116.979803814
22.33,3125.56,47.228323851,-117.021467938
21.98,3099.51,47.228323851,-117.063132062
19.9,3119.42,47.228323851,-117.104796186
20.51,3121.72,47.228323851,-117.14646031
20.81,3175.44,47.228323851,-117.188124434
19.57,3195.66,47.228323851,-117.229788558
19.85,3107.21,47.228323851,-117.271452682
19.17,3101.9,47.228323851,-117.313116806
20.11,3065.14,47.228323851,-117.35478093
20.63,2887.04,47.228323851,-117.396445054
22.42,2851.48,47.228323851,-117.438109178
20.27,2224.46,47.228323851,-117.479773302
22.36,2791.05,47.228323851,-117.521437426
21.95,2134.63,47.228323851,-117.56310155
23.4,2577.42,47.228323851,-117.688093922
22.56,2600.33,47.228323851,-117.729758046
22.82,2511.5,47.228323851,-117.77142217
23.87,2407.6,47.228323851,-117.813086294
23.54,2240.43,47.228323851,-117.854750418
24.79,610.14,47.228323851,-118.313055782
29.43,1230.57,47.228323851,-118.354719906
29.7,1178.91,47.228323851,-118.438048154
32.7,1099,47.228323851,-118.479712278
23.57,586.31,47.228323851,-118.521376402
22.95,582.31,47.228323851,-118.563040526
22.83,566.43,47.228323851,-118.60470465
25.24,553.19,47.228323851,-118.688032898
20.66,565.54,47.228323851,-118.729697022
21.16,569.49,47.228323851,-118.771361146
51.82,635.62,47.228323851,-118.81302527
52.44,656.14,47.228323851,-118.854689394
49.79,658.05,47.228323851,-118.896353518
50.11,645.19,47.228323851,-118.938017642
47.22,702.91,47.228323851,-119.063010014
21.35,3198.95,47.269987975,-116.979803814
21.08,3233.41,47.269987975,-117.021467938
20.41,3245.06,47.269987975,-117.063132062
18.61,3231.3,47.269987975,-117.104796186
22.36,3171.72,47.269987975,-117.14646031
21.04,3224.05,47.269987975,-117.188124434
19.99,3223.09,47.269987975,-117.229788558
20.98,3167.59,47.269987975,-117.271452682
20.63,3133.14,47.269987975,-117.313116806
22.19,2319.41,47.269987975,-117.35478093
22.59,2270.43,47.269987975,-117.396445054
22.04,2879.95,47.269987975,-117.438109178
20.89,2898.22,47.269987975,-117.479773302
21.78,2805.53,47.269987975,-117.521437426
23.13,2669.32,47.269987975,-117.604765674
19.71,1039.09,47.269987975,-118.063071038
25.62,1862.02,47.269987975,-118.104735162
25.96,1722.74,47.269987975,-118.146399286
30.35,1169.12,47.269987975,-118.39638403
29.41,1191.2,47.269987975,-118.438048154
30.19,1150.49,47.269987975,-118.479712278
33.23,1073.55,47.269987975,-118.521376402
33.92,1026.41,47.269987975,-118.563040526
34.85,993.78,47.269987975,-118.60470465
34.08,1004.47,47.269987975,-118.646368774
37.22,925.28,47.269987975,-118.688032898
38.67,849.85,47.269987975,-118.729697022
48.78,690.92,47.269987975,-118.771361146
51.49,679.4,47.269987975,-118.81302527
50.45,672.35,47.269987975,-118.938017642
49.34,678.34,47.269987975,-119.02134589
21.12,3214.39,47.311652099,-117.021467938
20.8,3202.17,47.311652099,-117.104796186
20.27,3195.44,47.311652099,-117.14646031
19.58,3222.94,47.311652099,-117.188124434
19.58,3235.56,47.311652099,-117.229788558
20,3251.04,47.311652099,-117.271452682
20.83,3148.61,47.311652099,-117.313116806
22.4,2316.42,47.311652099,-117.35478093
21.49,3056.59,47.311652099,-117.396445054
21.82,3085.6,47.311652099,-117.438109178
21.03,2966.02,47.311652099,-117.479773302
24.38,2200.96,47.311652099,-117.521437426
23.14,2121.08,47.311652099,-118.021406914
22.23,2186.33,47.311652099,-118.063071038
23.45,2007.68,47.311652099,-118.104735162
20.41,3188.64,47.353316223,-116.979803814
22.35,3178.24,47.353316223,-117.021467938
21.42,3198.92,47.353316223,-117.063132062
20.89,3221.38,47.353316223,-117.104796186
19.88,3186.79,47.353316223,-117.14646031
19.42,3220.6,47.353316223,-117.188124434
23.96,2410.58,47.353316223,-117.229788558
20.58,3160.31,47.353316223,-117.271452682
22.38,2326.23,47.353316223,-117.313116806
21.43,3067.89,47.353316223,-117.35478093
21,3071.17,47.353316223,-117.396445054
21.56,3021.28,47.353316223,-117.438109178
20.86,2951.5,47.353316223,-117.479773302
23.06,2778.7,47.353316223,-117.521437426
25.31,2132.51,47.353316223,-118.021406914
24.29,2099.52,47.353316223,-118.063071038
24.58,1792.51,47.353316223,-118.146399286
23.51,1720.97,47.353316223,-118.18806341
24.08,1596.69,47.353316223,-118.229727534
25.92,1538.12,47.353316223,-118.271391658
26.38,1495.49,47.353316223,-118.313055782
26.4,1449.15,47.353316223,-118.354719906
27.86,1328.94,47.353316223,-118.39638403
19.31,1126.97,47.353316223,-119.64630775
27.1,1134,47.353316223,-119.687971874
27.73,1074.64,47.353316223,-119.729635998
20.12,3217.12,47.394980347,-116.93813969
20.48,3204.18,47.394980347,-116.979803814
21.04,3241.77,47.394980347,-117.021467938
21.8,3246.22,47.394980347,-117.063132062
21.92,3225.94,47.394980347,-117.104796186
21.36,3155.38,47.394980347,-117.14646031
20.15,3264.19,47.394980347,-117.188124434
20.84,3183.6,47.394980347,-117.229788558
24.25,2307.68,47.394980347,-117.271452682
21.16,3108.46,47.394980347,-117.313116806
21.14,3093.69,47.394980347,-117.35478093
23.16,3009.93,47.394980347,-117.396445054
22.01,2949.17,47.394980347,-117.438109178
23.38,2202.35,47.394980347,-117.479773302
23.81,2282.1,47.394980347,-117.938078666
25.78,2210.32,47.394980347,-117.97974279
22.45,2153.14,47.394980347,-118.021406914
23.09,1800.89,47.394980347,-118.146399286
22.57,1717.41,47.394980347,-118.18806341
23.93,1697.23,47.394980347,-118.229727534
24.2,1612.62,47.394980347,-118.271391658
24.72,1527.53,47.394980347,-118.313055782
25.97,1449.85,47.394980347,-118.354719906
27,1411.56,47.394980347,-118.39638403
26.66,1344.98,47.394980347,-118.438048154
27.14,1289.94,47.394980347,-118.479712278
48.73,655.81,47.394980347,-119.22966651
47.64,643.36,47.394980347,-119.271330634
33.64,1016.81,47.394980347,-119.604643626
41.82,813.54,47.394980347,-119.64630775
54.85,578.28,47.394980347,-119.687971874
59.14,541.07,47.394980347,-119.729635998
20.03,3304.47,47.436644471,-117.021467938
19.96,3279.79,47.436644471,-117.063132062
20.09,3282.48,47.436644471,-117.104796186
20.87,3224.5,47.436644471,-117.14646031
20.68,3197.98,47.436644471,-117.188124434
20.68,3174.17,47.436644471,-117.229788558
23.75,2320.63,47.436644471,-117.271452682
20.85,3172.34,47.436644471,-117.313116806
20.84,3107.13,47.436644471,-117.35478093
23.02,2263.42,47.436644471,-117.396445054
22.35,2349.02,47.436644471,-117.938078666
24.65,2255.81,47.436644471,-117.97974279
23.81,2035.38,47.436644471,-118.021406914
23.44,1757.28,47.436644471,-118.146399286
23.96,1628.73,47.436644471,-118.18806341
24.93,1663.72,47.436644471,-118.229727534
26.74,1488.75,47.436644471,-118.313055782
25.95,1556.31,47.436644471,-118.354719906
25.88,1483.51,47.436644471,-118.39638403
26.44,1430,47.436644471,-118.438048154
38,866.96,47.436644471,-118.938017642
41.96,816.34,47.436644471,-119.604643626
62.87,396.64,47.436644471,-119.64630775
71.41,314.56,47.436644471,-119.687971874
21.34,3172.82,47.478308595,-117.063132062
21.31,3237.68,47.478308595,-117.104796186
20.53,3200.18,47.478308595,-117.14646031
22.89,2390.12,47.478308595,-117.188124434
23.86,2413.66,47.478308595,-117.229788558
19.68,3223.44,47.478308595,-117.271452682
23.72,2667.92,47.478308595,-117.604765674
22.68,2671.89,47.478308595,-117.646429798
21.67,2607.27,47.478308595,-117.854750418
20.93,2490.54,47.478308595,-117.896414542
23.53,2366.5,47.478308595,-117.938078666
23.62,2255.2,47.478308595,-117.97974279
23.69,2130.26,47.478308595,-118.021406914
23.92,1739.7,47.478308595,-118.104735162
24.13,1696.93,47.478308595,-118.146399286
25.47,1604,47.478308595,-118.18806341
25.7,1576.54,47.478308595,-118.229727534
27.92,1482.77,47.478308595,-118.313055782
27.26,1506.38,47.478308595,-118.354719906
26.6,1499.13,47.478308595,-118.39638403
27.35,1432.76,47.478308595,-118.479712278
27.64,1373.92,47.478308595,-118.521376402
18.15,798.81,47.478308595,-119.604643626
16.51,1999.3,47.478308595,-120.187941362
19.54,3254.37,47.519972719,-117.104796186
17.95,3255.03,47.519972719,-117.14646031
18.5,3106.02,47.519972719,-117.188124434
19.68,3113.26,47.519972719,-117.313116806
22.57,2834.07,47.519972719,-117.604765674
22.18,2102.77,47.519972719,-117.646429798
23.89,2097.86,47.519972719,-117.729758046
21.01,2064.68,47.519972719,-117.854750418
22.99,2509.14,47.519972719,-117.896414542
22.15,2412.95,47.519972719,-117.938078666
22.83,2244.67,47.519972719,-117.97974279
22.84,2006.45,47.519972719,-118.021406914
22.26,1720.7,47.519972719,-118.146399286
22.65,988.43,47.519972719,-118.229727534
22.34,985.98,47.519972719,-118.271391658
25.27,1630.25,47.519972719,-118.313055782
25.54,1652.51,47.519972719,-118.354719906
27.2,1267.57,47.519972719,-118.646368774
36.33,988.12,47.519972719,-118.854689394
41.88,922.18,47.519972719,-118.896353518
39.48,909.34,47.519972719,-118.938017642
46.95,750.66,47.519972719,-119.104674138
50.64,695.21,47.519972719,-119.146338262
55.85,627.33,47.519972719,-119.188002386
18.76,849.94,47.519972719,-119.64630775
20.88,860.79,47.519972719,-119.85462837
26.02,922.88,47.561636843,-117.56310155
19.97,2855.52,47.561636843,-117.729758046
19.94,2713.08,47.561636843,-117.854750418
18.17,2744.39,47.561636843,-117.896414542
23.5,2364.16,47.561636843,-117.938078666
20.91,1953.96,47.561636843,-117.97974279
21.96,1944.46,47.561636843,-118.021406914
22.1,1840.65,47.561636843,-118.063071038
22.57,1784.64,47.561636843,-118.104735162
22.43,1775.76,47.561636843,-118.229727534
24.79,1775.7,47.561636843,-118.271391658
24.11,1781.56,47.561636843,-118.313055782
24.98,1691.83,47.561636843,-118.354719906
33.59,298.08,47.561636843,-118.81302527
35.34,1049.96,47.561636843,-118.854689394
38.51,972.9,47.561636843,-118.896353518
40.66,914.34,47.561636843,-118.938017642
43.22,794.98,47.561636843,-119.063010014
43.66,782.47,47.561636843,-119.104674138
47.63,702.73,47.561636843,-119.146338262
22.34,1284.87,47.561636843,-119.521315378
21.95,1337.15,47.561636843,-119.562979502
27.32,1128.1,47.561636843,-119.771300122
33.89,973.41,47.561636843,-119.812964246
20.77,871.74,47.561636843,-119.85462837
21.31,867.92,47.561636843,-119.896292494
21.88,870.5,47.561636843,-119.937956618
31.26,1028.76,47.561636843,-119.979620742
21.66,1441.26,47.561636843,-120.021284866
18.92,2151.6,47.603300967,-117.813086294
21.02,2664.64,47.603300967,-117.854750418
19.7,2493.5,47.603300967,-117.896414542
17.41,2062.83,47.603300967,-117.938078666
20.37,2094.34,47.603300967,-117.97974279
19.74,1953.95,47.603300967,-118.021406914
21.29,1937.4,47.603300967,-118.063071038
21.31,1907.03,47.603300967,-118.104735162
21.77,1851.85,47.603300967,-118.146399286
21.73,1819.53,47.603300967,-118.313055782
30.58,1176.41,47.603300967,-118.81302527
34.8,1079.55,47.603300967,-118.854689394
37.84,1009.8,47.603300967,-118.896353518
40.08,943.17,47.603300967,-118.938017642
43.35,806.37,47.603300967,-119.02134589
43.1,786.89,47.603300967,-119.063010014
53.26,621.15,47.603300967,-119.104674138
20.21,1324.87,47.603300967,-119.43798713
19,1110.44,47.603300967,-119.479651254
19.15,1115.39,47.603300967,-119.521315378
20.45,1396.78,47.603300967,-119.562979502
22.82,1334.86,47.603300967,-119.604643626
21.55,883.92,47.603300967,-119.729635998
21.16,1205.6,47.603300967,-119.771300122
21.83,850.47,47.603300967,-119.896292494
42.19,851.77,47.603300967,-119.937956618
32.66,998.87,47.603300967,-119.979620742
19.54,2218.53,47.644965091,-117.77142217
20.55,2640.93,47.644965091,-117.813086294
19.48,2529.23,47.644965091,-117.854750418
20.13,2422.51,47.644965091,-117.896414542
20.25,2077.51,47.644965091,-117.97974279
20.08,2082.76,47.644965091,-118.021406914
19.18,2043.71,47.644965091,-118.063071038
19.26,1990.1,47.644965091,-118.104735162
20.82,1057.57,47.644965091,-118.146399286
21.2,1887.38,47.644965091,-118.18806341
19.66,1849.32,47.644965091,-118.271391658
29.07,1294.21,47.644965091,-118.646368774
28.95,1267.21,47.644965091,-118.729697022
29.52,1253.28,47.644965091,-118.771361146
34.12,1142.83,47.644965091,-118.81302527
34.96,1061.22,47.644965091,-118.854689394
32.32,306.82,47.644965091,-118.979681766
44.31,788.73,47.644965091,-119.02134589
54.89,614.25,47.644965091,-119.063010014
22.81,993.81,47.644965091,-119.104674138
58.28,553.4,47.644965091,-119.146338262
20.22,1398.32,47.644965091,-119.43798713
21.65,893.12,47.644965091,-119.729635998
20.85,869.69,47.644965091,-119.771300122
20.43,853.95,47.644965091,-119.812964246
20.31,850.72,47.644965091,-119.85462837
28.74,1014.32,47.644965091,-119.937956618
24.28,1179.98,47.644965091,-119.979620742
26.09,890.78,47.644965091,-120.021284866
18.17,1939.72,47.644965091,-120.06294899
16.59,1948.5,47.644965091,-120.104613114
18.65,2182.99,47.686629215,-117.729758046
20.59,2665.18,47.686629215,-117.77142217
20.76,2662.45,47.686629215,-117.813086294
20.27,2645.91,47.686629215,-117.854750418
18.31,2135.09,47.686629215,-117.896414542
19.98,2547.76,47.686629215,-117.938078666
20.53,2422.22,47.686629215,-117.97974279
20.48,2301.82,47.686629215,-118.021406914
19.94,2222.23,47.686629215,-118.063071038
19.85,2165.96,47.686629215,-118.104735162
19.1,2101.23,47.686629215,-118.146399286
18.78,2095.71,47.686629215,-118.18806341
20.52,1075.3,47.686629215,-118.229727534
27.29,1425.07,47.686629215,-118.563040526
27.76,1428.33,47.686629215,-118.60470465
28.75,1366.16,47.686629215,-118.646368774
37.9,322.58,47.686629215,-118.771361146
36.35,1069.36,47.686629215,-118.81302527
42.05,953.64,47.686629215,-118.896353518
46.35,794.95,47.686629215,-118.979681766
46.52,767.33,47.686629215,-119.02134589
54.13,621.54,47.686629215,-119.063010014
55.04,627.24,47.686629215,-119.104674138
42.77,859.8,47.686629215,-119.146338262
35.97,1028.22,47.686629215,-119.188002386
20.61,1431.13,47.686629215,-119.396323006
20.16,1124.14,47.686629215,-119.479651254
22.8,885.6,47.686629215,-119.771300122
21.43,863.5,47.686629215,-119.812964246
21.54,862.2,47.686629215,-119.896292494
19.31,1546.18,47.686629215,-119.937956618
18.63,1610.28,47.686629215,-119.979620742
17.56,1795.49,47.686629215,-120.021284866
17.27,1909.81,47.686629215,-120.06294899
16.81,1997.25,47.686629215,-120.104613114
17.45,2216.54,47.686629215,-120.146277238
19.81,2742.24,47.728293339,-117.77142217
19.47,2881.71,47.728293339,-117.813086294
18.87,2882.23,47.728293339,-117.854750418
20.03,2726.22,47.728293339,-117.896414542
20.43,2663.92,47.728293339,-117.938078666
19.76,2557.62,47.728293339,-117.97974279
19.82,2378.74,47.728293339,-118.021406914
19.76,2276.22,47.728293339,-118.063071038
20.03,2317.88,47.728293339,-118.104735162
20.33,2360.25,47.728293339,-118.146399286
20.69,2230.15,47.728293339,-118.18806341
20.84,2134.18,47.728293339,-118.229727534
21.34,1764.89,47.728293339,-118.521376402
22.58,1645.6,47.728293339,-118.563040526
23.25,1556.96,47.728293339,-118.60470465
28.71,1449.29,47.728293339,-118.646368774
30.57,1198.08,47.728293339,-118.729697022
36.46,313.95,47.728293339,-118.896353518
49.57,783.38,47.728293339,-118.938017642
45.59,873.55,47.728293339,-118.979681766
36.88,983.26,47.728293339,-119.02134589
33.25,1120.35,47.728293339,-119.063010014
25.02,1529.21,47.728293339,-119.104674138
21.9,1564.03,47.728293339,-119.146338262
23.09,1439.89,47.728293339,-119.188002386
21.67,1419.69,47.728293339,-119.312994758
19.38,1144.59,47.728293339,-119.354658882
22.57,880.81,47.728293339,-119.85462837
22.65,894.06,47.728293339,-119.896292494
16.22,2003.56,47.728293339,-119.937956618
16.27,2198.78,47.728293339,-119.979620742
16.21,2306.52,47.728293339,-120.021284866
16.86,2365.43,47.728293339,-120.06294899
17.22,2396.27,47.728293339,-120.104613114
20.62,2293.36,47.769957463,-117.77142217
20.93,2282.5,47.769957463,-117.813086294
19.37,2898.67,47.769957463,-117.854750418
20.05,1686.37,47.769957463,-118.563040526
19.98,1024.58,47.769957463,-118.60470465
23.73,1519.59,47.769957463,-118.646368774
25.95,1386.28,47.769957463,-118.771361146
26.33,1343.52,47.769957463,-118.81302527
28.92,1208.84,47.769957463,-118.854689394
29.63,1216.72,47.769957463,-118.896353518
28.71,1240.11,47.769957463,-118.938017642
21.9,1386.25,47.769957463,-118.979681766
21.35,1442,47.769957463,-119.02134589
21.35,1519.57,47.769957463,-119.063010014
20.66,1630,47.769957463,-119.104674138
21.16,1508.42,47.769957463,-119.146338262
21.74,892.44,47.769957463,-119.85462837
22.72,921.47,47.769957463,-119.896292494
15.71,2657.01,47.769957463,-119.937956618
20.06,1899.4,47.811621587,-118.521376402
20.37,1819.05,47.811621587,-118.563040526
20.72,1689.51,47.811621587,-118.60470465
21.25,1612.82,47.811621587,-118.646368774
22.79,1585.9,47.811621587,-118.688032898
21.89,1626.68,47.811621587,-118.729697022
26.18,1280.49,47.811621587,-118.854689394
21.26,1550.39,47.811621587,-118.896353518
20.75,1675.82,47.811621587,-118.938017642
21.34,1825.45,47.811621587,-118.979681766
21.35,1645.09,47.811621587,-119.02134589
20.86,1500.62,47.811621587,-119.063010014
21.86,1414.54,47.811621587,-119.104674138
20.5,1113.31,47.811621587,-119.354658882
20.95,1131.83,47.811621587,-119.396323006
22.27,1163.66,47.811621587,-119.479651254
23.75,1198.93,47.811621587,-119.562979502
23.79,1205.98,47.811621587,-119.604643626
23.37,1203.49,47.811621587,-119.64630775
24.49,1197.13,47.811621587,-119.687971874
23.5,1155.31,47.811621587,-119.729635998
22.42,1126.7,47.811621587,-119.771300122
24.39,969.6,47.811621587,-119.896292494
21.37,1583.29,47.853285711,-118.521376402
20.14,1822.73,47.853285711,-118.563040526
21.51,1978.28,47.853285711,-118.60470465
20.75,1999.19,47.853285711,-118.646368774
20.52,2047.87,47.853285711,-118.688032898
21.96,1874.76,47.853285711,-118.729697022
21.32,1821.04,47.853285711,-118.771361146
21.53,1820.5,47.853285711,-118.81302527
21.44,2038.8,47.853285711,-118.854689394
21.51,2116.33,47.853285711,-118.896353518
22.17,2055.08,47.853285711,-118.938017642
21.16,1811.21,47.853285711,-118.979681766
21.55,1189.51,47.853285711,-119.562979502
22.58,1209.2,47.853285711,-119.604643626
23.47,1179.68,47.853285711,-119.687971874
23.89,1157.76,47.853285711,-119.729635998
23.69,1157.65,47.853285711,-119.771300122
23.25,1758.93,47.894949835,-118.854689394
21.99,2194.06,47.894949835,-118.896353518
23.39,1749.99,47.894949835,-118.938017642
22.21,1195.14,47.894949835,-119.562979502
24.36,1221.66,47.894949835,-119.604643626
24.1,1227.34,47.894949835,-119.64630775
19.4,1939.58,47.936613959,-119.771300122
26.52,1257.33,47.978278083,-119.562979502
26.24,1252,47.978278083,-119.604643626
21.16,1967.51,47.978278083,-119.729635998
18.79,2186.15,47.978278083,-119.771300122
26.84,1250.99,48.019942207,-119.521315378
18.24,2277.93,48.019942207,-119.771300122
21.93,1946,48.103270455,-119.562979502
24.3,2049.52,48.144934579,-119.521315378
21.39,1978.64,48.144934579,-119.562979502
